Client,Date,Provider,SubscriptionName,SubscriptionId,ServiceName,ServiceTier,Resource,ResourceId,ResourceLocation,ResourceType,ResourceGroupName,ResourceGroupId,Product,Meter,Tags,Cost,CostUSD,Currency
momentum tech,2023-11-01,aws,367475994817,367475994817,Tax,,,,,,,,,,[],,54.41,USD
momentum tech,2023-11-08,aws,367475994817,367475994817,Amazon Registrar,,,,,,,,,,[],,13.0,USD
momentum tech,2023-11-08,aws,367475994817,367475994817,Tax,,,,,,,,,,[],,1.95,USD
momentum tech,2023-11-09,aws,367475994817,367475994817,Amazon Route 53,,,,,,,,,,[],,0.1001716,USD
momentum tech,2023-11-10,aws,367475994817,367475994817,AWS Key Management Service,,,,,,,,,,[],,0.0027777778,USD
momentum tech,2023-11-10,aws,367475994817,367475994817,AWS WAF,,,,,,,,,,[],,0.0257517524,USD
momentum tech,2023-11-10,aws,367475994817,367475994817,EC2 - Other,,,,,,,,,,[],,0.2196734048,USD
momentum tech,2023-11-10,aws,367475994817,367475994817,Amazon Elastic Compute Cloud - Compute,,,,,,,,,,[],,0.4436955607,USD
momentum tech,2023-11-10,aws,367475994817,367475994817,Amazon Elastic Container Service for Kubernetes,,,,,,,,,,[],,0.078466973,USD
momentum tech,2023-11-10,aws,367475994817,367475994817,Amazon Elastic Load Balancing,,,,,,,,,,[],,0.0495082359,USD
momentum tech,2023-11-10,aws,367475994817,367475994817,Amazon Route 53,,,,,,,,,,[],,0.0026116,USD
momentum tech,2023-11-10,aws,367475994817,367475994817,Amazon Virtual Private Cloud,,,,,,,,,,[],,0.075888947,USD
momentum tech,2023-11-10,aws,367475994817,367475994817,AmazonCloudWatch,,,,,,,,,,[],,0.0021295112,USD
momentum tech,2023-11-11,aws,367475994817,367475994817,Amazon Route 53,,,,,,,,,,[],,0.0085424,USD
momentum tech,2023-11-12,aws,367475994817,367475994817,Amazon Route 53,,,,,,,,,,[],,0.0003452,USD
momentum tech,2023-11-13,aws,367475994817,367475994817,Amazon Route 53,,,,,,,,,,[],,0.0001836,USD
momentum tech,2023-11-14,aws,367475994817,367475994817,AWS Key Management Service,,,,,,,,,,[],,0.0222222224,USD
momentum tech,2023-11-14,aws,367475994817,367475994817,AWS Lambda,,,,,,,,,,[],,1.4e-05,USD
momentum tech,2023-11-14,aws,367475994817,367475994817,AWS WAF,,,,,,,,,,[],,0.2370933415,USD
momentum tech,2023-11-14,aws,367475994817,367475994817,EC2 - Other,,,,,,,,,,[],,1.020679788,USD
momentum tech,2023-11-14,aws,367475994817,367475994817,Amazon Elastic Compute Cloud - Compute,,,,,,,,,,[],,5.1360056116,USD
momentum tech,2023-11-14,aws,367475994817,367475994817,Amazon Elastic Container Service for Kubernetes,,,,,,,,,,[],,0.758809694,USD
momentum tech,2023-11-14,aws,367475994817,367475994817,Amazon Elastic Load Balancing,,,,,,,,,,[],,0.5945440414,USD
momentum tech,2023-11-14,aws,367475994817,367475994817,Amazon Route 53,,,,,,,,,,[],,0.0004756,USD
momentum tech,2023-11-14,aws,367475994817,367475994817,Amazon Virtual Private Cloud,,,,,,,,,,[],,0.738472222,USD
momentum tech,2023-11-14,aws,367475994817,367475994817,AmazonCloudWatch,,,,,,,,,,[],,0.0226236964,USD
momentum tech,2023-11-15,aws,367475994817,367475994817,AWS Key Management Service,,,,,,,,,,[],,0.0666666672,USD
momentum tech,2023-11-15,aws,367475994817,367475994817,AWS Lambda,,,,,,,,,,[],,5.72e-05,USD
momentum tech,2023-11-15,aws,367475994817,367475994817,AWS WAF,,,,,,,,,,[],,0.7341435368,USD
momentum tech,2023-11-15,aws,367475994817,367475994817,EC2 - Other,,,,,,,,,,[],,3.0628940935,USD
momentum tech,2023-11-15,aws,367475994817,367475994817,Amazon Elastic Compute Cloud - Compute,,,,,,,,,,[],,15.4080105771,USD
momentum tech,2023-11-15,aws,367475994817,367475994817,Amazon Elastic Container Service for Kubernetes,,,,,,,,,,[],,2.4,USD
momentum tech,2023-11-15,aws,367475994817,367475994817,Amazon Elastic Load Balancing,,,,,,,,,,[],,1.7829608716,USD
momentum tech,2023-11-15,aws,367475994817,367475994817,Amazon Route 53,,,,,,,,,,[],,0.1002436,USD
momentum tech,2023-11-15,aws,367475994817,367475994817,Amazon Virtual Private Cloud,,,,,,,,,,[],,2.4,USD
momentum tech,2023-11-15,aws,367475994817,367475994817,AmazonCloudWatch,,,,,,,,,,[],,0.0692478631,USD
momentum tech,2023-11-16,aws,367475994817,367475994817,AWS Key Management Service,,,,,,,,,,[],,0.0669546672,USD
momentum tech,2023-11-16,aws,367475994817,367475994817,AWS Lambda,,,,,,,,,,[],,3.12e-05,USD
momentum tech,2023-11-16,aws,367475994817,367475994817,AWS WAF,,,,,,,,,,[],,0.7339937368,USD
momentum tech,2023-11-16,aws,367475994817,367475994817,EC2 - Other,,,,,,,,,,[],,3.0626014357,USD
momentum tech,2023-11-16,aws,367475994817,367475994817,Amazon Elastic Compute Cloud - Compute,,,,,,,,,,[],,15.4080095616,USD
momentum tech,2023-11-16,aws,367475994817,367475994817,Amazon Elastic Container Service for Kubernetes,,,,,,,,,,[],,2.4,USD
momentum tech,2023-11-16,aws,367475994817,367475994817,Amazon Elastic Load Balancing,,,,,,,,,,[],,1.7827151188,USD
momentum tech,2023-11-16,aws,367475994817,367475994817,Amazon Route 53,,,,,,,,,,[],,0.000188,USD
momentum tech,2023-11-16,aws,367475994817,367475994817,Amazon Virtual Private Cloud,,,,,,,,,,[],,2.4000001319,USD
momentum tech,2023-11-16,aws,367475994817,367475994817,AmazonCloudWatch,,,,,,,,,,[],,0.0696278599,USD
momentum tech,2023-11-17,aws,367475994817,367475994817,AWS Key Management Service,,,,,,,,,,[],,0.0669546672,USD
momentum tech,2023-11-17,aws,367475994817,367475994817,AWS Lambda,,,,,,,,,,[],,3.16e-05,USD
momentum tech,2023-11-17,aws,367475994817,367475994817,AWS WAF,,,,,,,,,,[],,0.7345609368,USD
momentum tech,2023-11-17,aws,367475994817,367475994817,EC2 - Other,,,,,,,,,,[],,3.0635679264,USD
momentum tech,2023-11-17,aws,367475994817,367475994817,Amazon Elastic Compute Cloud - Compute,,,,,,,,,,[],,15.4080100667,USD
momentum tech,2023-11-17,aws,367475994817,367475994817,Amazon Elastic Container Service for Kubernetes,,,,,,,,,,[],,2.4,USD
momentum tech,2023-11-17,aws,367475994817,367475994817,Amazon Elastic Load Balancing,,,,,,,,,,[],,1.78295275,USD
momentum tech,2023-11-17,aws,367475994817,367475994817,Amazon Route 53,,,,,,,,,,[],,0.0001624,USD
momentum tech,2023-11-17,aws,367475994817,367475994817,Amazon Virtual Private Cloud,,,,,,,,,,[],,2.4000001319,USD
momentum tech,2023-11-17,aws,367475994817,367475994817,AmazonCloudWatch,,,,,,,,,,[],,0.0699747607,USD
momentum tech,2023-11-18,aws,367475994817,367475994817,AWS Key Management Service,,,,,,,,,,[],,0.0669546672,USD
momentum tech,2023-11-18,aws,367475994817,367475994817,AWS Lambda,,,,,,,,,,[],,3.82e-05,USD
momentum tech,2023-11-18,aws,367475994817,367475994817,AWS WAF,,,,,,,,,,[],,0.7340929368,USD
momentum tech,2023-11-18,aws,367475994817,367475994817,EC2 - Other,,,,,,,,,,[],,3.0632898308,USD
momentum tech,2023-11-18,aws,367475994817,367475994817,Amazon Elastic Compute Cloud - Compute,,,,,,,,,,[],,15.4080110261,USD
momentum tech,2023-11-18,aws,367475994817,367475994817,Amazon Elastic Container Service for Kubernetes,,,,,,,,,,[],,2.4,USD
momentum tech,2023-11-18,aws,367475994817,367475994817,Amazon Elastic Load Balancing,,,,,,,,,,[],,1.7828080821,USD
momentum tech,2023-11-18,aws,367475994817,367475994817,Amazon Route 53,,,,,,,,,,[],,0.0001576,USD
momentum tech,2023-11-18,aws,367475994817,367475994817,Amazon Virtual Private Cloud,,,,,,,,,,[],,2.4000000542,USD
momentum tech,2023-11-18,aws,367475994817,367475994817,AmazonCloudWatch,,,,,,,,,,[],,0.0692846317,USD
momentum tech,2023-11-19,aws,367475994817,367475994817,AWS Key Management Service,,,,,,,,,,[],,0.0669546672,USD
momentum tech,2023-11-19,aws,367475994817,367475994817,AWS Lambda,,,,,,,,,,[],,4.74e-05,USD
momentum tech,2023-11-19,aws,367475994817,367475994817,AWS WAF,,,,,,,,,,[],,0.7340039368,USD
momentum tech,2023-11-19,aws,367475994817,367475994817,EC2 - Other,,,,,,,,,,[],,3.0620472265,USD
momentum tech,2023-11-19,aws,367475994817,367475994817,Amazon Elastic Compute Cloud - Compute,,,,,,,,,,[],,15.4080101711,USD
momentum tech,2023-11-19,aws,367475994817,367475994817,Amazon Elastic Container Service for Kubernetes,,,,,,,,,,[],,2.4,USD
momentum tech,2023-11-19,aws,367475994817,367475994817,Amazon Elastic Load Balancing,,,,,,,,,,[],,1.7828611369,USD
momentum tech,2023-11-19,aws,367475994817,367475994817,Amazon Route 53,,,,,,,,,,[],,0.00013,USD
momentum tech,2023-11-19,aws,367475994817,367475994817,Amazon Virtual Private Cloud,,,,,,,,,,[],,2.4000000176,USD
momentum tech,2023-11-19,aws,367475994817,367475994817,AmazonCloudWatch,,,,,,,,,,[],,0.0705636031,USD
momentum tech,2023-11-20,aws,367475994817,367475994817,AWS Key Management Service,,,,,,,,,,[],,0.0669546672,USD
momentum tech,2023-11-20,aws,367475994817,367475994817,AWS Lambda,,,,,,,,,,[],,3.76e-05,USD
momentum tech,2023-11-20,aws,367475994817,367475994817,AWS WAF,,,,,,,,,,[],,0.7339515368,USD
momentum tech,2023-11-20,aws,367475994817,367475994817,EC2 - Other,,,,,,,,,,[],,3.0617145785,USD
momentum tech,2023-11-20,aws,367475994817,367475994817,Amazon Elastic Compute Cloud - Compute,,,,,,,,,,[],,15.4080105648,USD
momentum tech,2023-11-20,aws,367475994817,367475994817,Amazon Elastic Container Service for Kubernetes,,,,,,,,,,[],,2.4,USD
momentum tech,2023-11-20,aws,367475994817,367475994817,Amazon Elastic Load Balancing,,,,,,,,,,[],,1.7827822949,USD
momentum tech,2023-11-20,aws,367475994817,367475994817,Amazon Route 53,,,,,,,,,,[],,0.0001704,USD
momentum tech,2023-11-20,aws,367475994817,367475994817,Amazon Virtual Private Cloud,,,,,,,,,,[],,2.4000000176,USD
momentum tech,2023-11-20,aws,367475994817,367475994817,AmazonCloudWatch,,,,,,,,,,[],,0.0687449138,USD
momentum tech,2023-11-21,aws,367475994817,367475994817,AWS Key Management Service,,,,,,,,,,[],,0.0669546672,USD
momentum tech,2023-11-21,aws,367475994817,367475994817,AWS Lambda,,,,,,,,,,[],,8.36e-05,USD
momentum tech,2023-11-21,aws,367475994817,367475994817,AWS WAF,,,,,,,,,,[],,0.7341219368,USD
momentum tech,2023-11-21,aws,367475994817,367475994817,EC2 - Other,,,,,,,,,,[],,3.0628902111,USD
momentum tech,2023-11-21,aws,367475994817,367475994817,Amazon Elastic Compute Cloud - Compute,,,,,,,,,,[],,15.4080104914,USD
momentum tech,2023-11-21,aws,367475994817,367475994817,Amazon Elastic Container Service for Kubernetes,,,,,,,,,,[],,2.4,USD
momentum tech,2023-11-21,aws,367475994817,367475994817,Amazon Elastic Load Balancing,,,,,,,,,,[],,1.7830718092,USD
momentum tech,2023-11-21,aws,367475994817,367475994817,Amazon Route 53,,,,,,,,,,[],,0.0001988,USD
momentum tech,2023-11-21,aws,367475994817,367475994817,Amazon Virtual Private Cloud,,,,,,,,,,[],,2.4,USD
momentum tech,2023-11-21,aws,367475994817,367475994817,AmazonCloudWatch,,,,,,,,,,[],,0.0696702911,USD
momentum tech,2023-11-22,aws,367475994817,367475994817,AWS Key Management Service,,,,,,,,,,[],,0.0669546672,USD
momentum tech,2023-11-22,aws,367475994817,367475994817,AWS Lambda,,,,,,,,,,[],,4.2e-05,USD
momentum tech,2023-11-22,aws,367475994817,367475994817,AWS WAF,,,,,,,,,,[],,0.7342983368,USD
momentum tech,2023-11-22,aws,367475994817,367475994817,EC2 - Other,,,,,,,,,,[],,3.0632679799,USD
momentum tech,2023-11-22,aws,367475994817,367475994817,Amazon Elastic Compute Cloud - Compute,,,,,,,,,,[],,15.4080097209,USD
momentum tech,2023-11-22,aws,367475994817,367475994817,Amazon Elastic Container Service for Kubernetes,,,,,,,,,,[],,2.4,USD
momentum tech,2023-11-22,aws,367475994817,367475994817,Amazon Elastic Load Balancing,,,,,,,,,,[],,1.7828505036,USD
momentum tech,2023-11-22,aws,367475994817,367475994817,Amazon Route 53,,,,,,,,,,[],,0.000122,USD
momentum tech,2023-11-22,aws,367475994817,367475994817,Amazon Virtual Private Cloud,,,,,,,,,,[],,2.4,USD
momentum tech,2023-11-22,aws,367475994817,367475994817,AmazonCloudWatch,,,,,,,,,,[],,0.0701243669,USD
momentum tech,2023-11-23,aws,367475994817,367475994817,AWS Key Management Service,,,,,,,,,,[],,0.0669546672,USD
momentum tech,2023-11-23,aws,367475994817,367475994817,AWS Lambda,,,,,,,,,,[],,5.6e-05,USD
momentum tech,2023-11-23,aws,367475994817,367475994817,AWS WAF,,,,,,,,,,[],,0.7342643368,USD
momentum tech,2023-11-23,aws,367475994817,367475994817,EC2 - Other,,,,,,,,,,[],,3.0640108237,USD
momentum tech,2023-11-23,aws,367475994817,367475994817,Amazon Elastic Compute Cloud - Compute,,,,,,,,,,[],,15.4080098593,USD
momentum tech,2023-11-23,aws,367475994817,367475994817,Amazon Elastic Container Service for Kubernetes,,,,,,,,,,[],,2.4,USD
momentum tech,2023-11-23,aws,367475994817,367475994817,Amazon Elastic Load Balancing,,,,,,,,,,[],,1.7828178127,USD
momentum tech,2023-11-23,aws,367475994817,367475994817,Amazon Route 53,,,,,,,,,,[],,0.0001056,USD
momentum tech,2023-11-23,aws,367475994817,367475994817,Amazon Virtual Private Cloud,,,,,,,,,,[],,2.4,USD
momentum tech,2023-11-23,aws,367475994817,367475994817,AmazonCloudWatch,,,,,,,,,,[],,0.06768491,USD
momentum tech,2023-11-24,aws,367475994817,367475994817,AWS Key Management Service,,,,,,,,,,[],,0.0669546672,USD
momentum tech,2023-11-24,aws,367475994817,367475994817,AWS Lambda,,,,,,,,,,[],,4.1e-05,USD
momentum tech,2023-11-24,aws,367475994817,367475994817,AWS WAF,,,,,,,,,,[],,0.7343661368,USD
momentum tech,2023-11-24,aws,367475994817,367475994817,EC2 - Other,,,,,,,,,,[],,3.0634885879,USD
momentum tech,2023-11-24,aws,367475994817,367475994817,Amazon Elastic Compute Cloud - Compute,,,,,,,,,,[],,15.1940099484,USD
momentum tech,2023-11-24,aws,367475994817,367475994817,Amazon Elastic Container Service for Kubernetes,,,,,,,,,,[],,2.4,USD
momentum tech,2023-11-24,aws,367475994817,367475994817,Amazon Elastic Load Balancing,,,,,,,,,,[],,1.7830321525,USD
momentum tech,2023-11-24,aws,367475994817,367475994817,Amazon Route 53,,,,,,,,,,[],,0.0001204,USD
momentum tech,2023-11-24,aws,367475994817,367475994817,Amazon Simple Storage Service,,,,,,,,,,[],,0.00022906,USD
momentum tech,2023-11-24,aws,367475994817,367475994817,Amazon Virtual Private Cloud,,,,,,,,,,[],,2.4,USD
momentum tech,2023-11-24,aws,367475994817,367475994817,AmazonCloudWatch,,,,,,,,,,[],,0.0687514216,USD
momentum tech,2023-11-25,aws,367475994817,367475994817,AWS Key Management Service,,,,,,,,,,[],,0.0669546672,USD
momentum tech,2023-11-25,aws,367475994817,367475994817,AWS Lambda,,,,,,,,,,[],,6.62e-05,USD
momentum tech,2023-11-25,aws,367475994817,367475994817,AWS WAF,,,,,,,,,,[],,0.7342885368,USD
momentum tech,2023-11-25,aws,367475994817,367475994817,EC2 - Other,,,,,,,,,,[],,3.0626105334,USD
momentum tech,2023-11-25,aws,367475994817,367475994817,Amazon Elastic Compute Cloud - Compute,,,,,,,,,,[],,15.4080103391,USD
momentum tech,2023-11-25,aws,367475994817,367475994817,Amazon Elastic Container Service for Kubernetes,,,,,,,,,,[],,2.4,USD
momentum tech,2023-11-25,aws,367475994817,367475994817,Amazon Elastic Load Balancing,,,,,,,,,,[],,1.7829593053,USD
momentum tech,2023-11-25,aws,367475994817,367475994817,Amazon Route 53,,,,,,,,,,[],,0.0001484,USD
momentum tech,2023-11-25,aws,367475994817,367475994817,Amazon Simple Storage Service,,,,,,,,,,[],,0.0001619788,USD
momentum tech,2023-11-25,aws,367475994817,367475994817,Amazon Virtual Private Cloud,,,,,,,,,,[],,2.4000000005,USD
momentum tech,2023-11-25,aws,367475994817,367475994817,AmazonCloudWatch,,,,,,,,,,[],,0.0682534954,USD
momentum tech,2023-11-26,aws,367475994817,367475994817,AWS Key Management Service,,,,,,,,,,[],,0.0669546672,USD
momentum tech,2023-11-26,aws,367475994817,367475994817,AWS Lambda,,,,,,,,,,[],,3.76e-05,USD
momentum tech,2023-11-26,aws,367475994817,367475994817,AWS WAF,,,,,,,,,,[],,0.7342325368,USD
momentum tech,2023-11-26,aws,367475994817,367475994817,EC2 - Other,,,,,,,,,,[],,3.0627145278,USD
momentum tech,2023-11-26,aws,367475994817,367475994817,Amazon Elastic Compute Cloud - Compute,,,,,,,,,,[],,15.4080094525,USD
momentum tech,2023-11-26,aws,367475994817,367475994817,Amazon Elastic Container Service for Kubernetes,,,,,,,,,,[],,2.4,USD
momentum tech,2023-11-26,aws,367475994817,367475994817,Amazon Elastic Load Balancing,,,,,,,,,,[],,1.7828455047,USD
momentum tech,2023-11-26,aws,367475994817,367475994817,Amazon Route 53,,,,,,,,,,[],,0.0001092,USD
momentum tech,2023-11-26,aws,367475994817,367475994817,Amazon Simple Storage Service,,,,,,,,,,[],,0.0001619788,USD
momentum tech,2023-11-26,aws,367475994817,367475994817,Amazon Virtual Private Cloud,,,,,,,,,,[],,2.40000004,USD
momentum tech,2023-11-26,aws,367475994817,367475994817,AmazonCloudWatch,,,,,,,,,,[],,0.0686362511,USD
momentum tech,2023-11-27,aws,367475994817,367475994817,AWS Key Management Service,,,,,,,,,,[],,0.0669546672,USD
momentum tech,2023-11-27,aws,367475994817,367475994817,AWS Lambda,,,,,,,,,,[],,3.4e-05,USD
momentum tech,2023-11-27,aws,367475994817,367475994817,AWS WAF,,,,,,,,,,[],,0.7339569368,USD
momentum tech,2023-11-27,aws,367475994817,367475994817,EC2 - Other,,,,,,,,,,[],,3.0618406856,USD
momentum tech,2023-11-27,aws,367475994817,367475994817,Amazon Elastic Compute Cloud - Compute,,,,,,,,,,[],,15.4080094836,USD
momentum tech,2023-11-27,aws,367475994817,367475994817,Amazon Elastic Container Service for Kubernetes,,,,,,,,,,[],,2.4,USD
momentum tech,2023-11-27,aws,367475994817,367475994817,Amazon Elastic Load Balancing,,,,,,,,,,[],,1.7827641703,USD
momentum tech,2023-11-27,aws,367475994817,367475994817,Amazon Route 53,,,,,,,,,,[],,0.000124,USD
momentum tech,2023-11-27,aws,367475994817,367475994817,Amazon Simple Storage Service,,,,,,,,,,[],,0.0001619788,USD
momentum tech,2023-11-27,aws,367475994817,367475994817,Amazon Virtual Private Cloud,,,,,,,,,,[],,2.4000000186,USD
momentum tech,2023-11-27,aws,367475994817,367475994817,AmazonCloudWatch,,,,,,,,,,[],,0.0688433399,USD
momentum tech,2023-11-28,aws,367475994817,367475994817,AWS Key Management Service,,,,,,,,,,[],,0.0446934448,USD
momentum tech,2023-11-28,aws,367475994817,367475994817,AWS Lambda,,,,,,,,,,[],,3.4e-05,USD
momentum tech,2023-11-28,aws,367475994817,367475994817,AWS WAF,,,,,,,,,,[],,0.1149013176,USD
momentum tech,2023-11-28,aws,367475994817,367475994817,EC2 - Other,,,,,,,,,,[],,2.0228510593,USD
momentum tech,2023-11-28,aws,367475994817,367475994817,Amazon Elastic Compute Cloud - Compute,,,,,,,,,,[],,9.9005380198,USD
momentum tech,2023-11-28,aws,367475994817,367475994817,Amazon Elastic Container Service for Kubernetes,,,,,,,,,,[],,1.579078667,USD
momentum tech,2023-11-28,aws,367475994817,367475994817,Amazon Elastic Load Balancing,,,,,,,,,,[],,1.1887501455,USD
momentum tech,2023-11-28,aws,367475994817,367475994817,Amazon Route 53,,,,,,,,,,[],,0.0001224,USD
momentum tech,2023-11-28,aws,367475994817,367475994817,Amazon Simple Storage Service,,,,,,,,,,[],,0.0206314937,USD
momentum tech,2023-11-28,aws,367475994817,367475994817,Amazon Virtual Private Cloud,,,,,,,,,,[],,1.573722222,USD
momentum tech,2023-11-28,aws,367475994817,367475994817,AmazonCloudWatch,,,,,,,,,,[],,0.0446971643,USD
momentum tech,2023-11-29,aws,367475994817,367475994817,Amazon Route 53,,,,,,,,,,[],,0.000106,USD
momentum tech,2023-11-29,aws,367475994817,367475994817,Amazon Simple Storage Service,,,,,,,,,,[],,0.1128025556,USD
momentum tech,2023-11-30,aws,367475994817,367475994817,Amazon Route 53,,,,,,,,,,[],,0.0001332,USD
momentum tech,2023-11-30,aws,367475994817,367475994817,Amazon Simple Storage Service,,,,,,,,,,[],,0.3155642869,USD
momentum tech,2023-12-01,aws,367475994817,367475994817,Amazon Route 53,,,,,,,,,,[],,0.5001208,USD
momentum tech,2023-12-01,aws,367475994817,367475994817,Amazon Simple Storage Service,,,,,,,,,,[],,0.0013794148,USD
momentum tech,2023-12-01,aws,367475994817,367475994817,Tax,,,,,,,,,,[],,5.47,USD
momentum tech,2023-12-02,aws,367475994817,367475994817,Amazon Route 53,,,,,,,,,,[],,9.16e-05,USD
momentum tech,2023-12-02,aws,367475994817,367475994817,Amazon Simple Storage Service,,,,,,,,,,[],,0.0013794148,USD
momentum tech,2023-12-03,aws,367475994817,367475994817,Amazon Route 53,,,,,,,,,,[],,0.0001112,USD
momentum tech,2023-12-03,aws,367475994817,367475994817,Amazon Simple Storage Service,,,,,,,,,,[],,0.0013794148,USD
momentum tech,2023-12-04,aws,367475994817,367475994817,Amazon Route 53,,,,,,,,,,[],,0.0001352,USD
momentum tech,2023-12-04,aws,367475994817,367475994817,Amazon Simple Storage Service,,,,,,,,,,[],,0.0300783916,USD
momentum tech,2023-12-05,aws,367475994817,367475994817,Amazon Route 53,,,,,,,,,,[],,0.0001164,USD
momentum tech,2023-12-05,aws,367475994817,367475994817,Amazon Simple Storage Service,,,,,,,,,,[],,0.0013794148,USD
momentum tech,2023-12-06,aws,367475994817,367475994817,AWS Key Management Service,,,,,,,,,,[],,0.0,USD
momentum tech,2023-12-06,aws,367475994817,367475994817,AWS Lambda,,,,,,,,,,[],,6e-07,USD
momentum tech,2023-12-06,aws,367475994817,367475994817,EC2 - Other,,,,,,,,,,[],,0.2141900027,USD
momentum tech,2023-12-06,aws,367475994817,367475994817,Amazon Elastic Compute Cloud - Compute,,,,,,,,,,[],,0.3251037583,USD
momentum tech,2023-12-06,aws,367475994817,367475994817,Amazon Elastic Container Service for Kubernetes,,,,,,,,,,[],,0.058136639,USD
momentum tech,2023-12-06,aws,367475994817,367475994817,Amazon Elastic Load Balancing,,,,,,,,,,[],,0.0742726799,USD
momentum tech,2023-12-06,aws,367475994817,367475994817,Amazon Route 53,,,,,,,,,,[],,0.0002436,USD
momentum tech,2023-12-06,aws,367475994817,367475994817,Amazon Simple Storage Service,,,,,,,,,,[],,0.0013794148,USD
momentum tech,2023-12-06,aws,367475994817,367475994817,Amazon Virtual Private Cloud,,,,,,,,,,[],,0.0,USD
momentum tech,2023-12-06,aws,367475994817,367475994817,AmazonCloudWatch,,,,,,,,,,[],,0.0016019247,USD
momentum tech,2023-12-07,aws,367475994817,367475994817,AWS Key Management Service,,,,,,,,,,[],,0.024193548,USD
momentum tech,2023-12-07,aws,367475994817,367475994817,AWS Lambda,,,,,,,,,,[],,5.4e-06,USD
momentum tech,2023-12-07,aws,367475994817,367475994817,EC2 - Other,,,,,,,,,,[],,1.1406853696,USD
momentum tech,2023-12-07,aws,367475994817,367475994817,Amazon Elastic Compute Cloud - Compute,,,,,,,,,,[],,5.7780053105,USD
momentum tech,2023-12-07,aws,367475994817,367475994817,Amazon Elastic Container Service for Kubernetes,,,,,,,,,,[],,0.864650333,USD
momentum tech,2023-12-07,aws,367475994817,367475994817,Amazon Elastic Load Balancing,,,,,,,,,,[],,0.6688117371,USD
momentum tech,2023-12-07,aws,367475994817,367475994817,Amazon Route 53,,,,,,,,,,[],,0.000666,USD
momentum tech,2023-12-07,aws,367475994817,367475994817,Amazon Simple Storage Service,,,,,,,,,,[],,0.0217678079,USD
momentum tech,2023-12-07,aws,367475994817,367475994817,Amazon Virtual Private Cloud,,,,,,,,,,[],,0.0182581805,USD
momentum tech,2023-12-07,aws,367475994817,367475994817,AmazonCloudWatch,,,,,,,,,,[],,0.024715378,USD
momentum tech,2023-12-08,aws,367475994817,367475994817,AWS Key Management Service,,,,,,,,,,[],,0.057795698,USD
momentum tech,2023-12-08,aws,367475994817,367475994817,AWS Lambda,,,,,,,,,,[],,4.18e-05,USD
momentum tech,2023-12-08,aws,367475994817,367475994817,EC2 - Other,,,,,,,,,,[],,2.9603297664,USD
momentum tech,2023-12-08,aws,367475994817,367475994817,Amazon Elastic Compute Cloud - Compute,,,,,,,,,,[],,13.4307137711,USD
momentum tech,2023-12-08,aws,367475994817,367475994817,Amazon Elastic Container Service for Kubernetes,,,,,,,,,,[],,2.154061001,USD
momentum tech,2023-12-08,aws,367475994817,367475994817,Amazon Elastic Load Balancing,,,,,,,,,,[],,1.7090777418,USD
momentum tech,2023-12-08,aws,367475994817,367475994817,Amazon Route 53,,,,,,,,,,[],,0.1010836,USD
momentum tech,2023-12-08,aws,367475994817,367475994817,Amazon Simple Storage Service,,,,,,,,,,[],,0.0013794148,USD
momentum tech,2023-12-08,aws,367475994817,367475994817,Amazon Virtual Private Cloud,,,,,,,,,,[],,0.0,USD
momentum tech,2023-12-08,aws,367475994817,367475994817,AmazonCloudWatch,,,,,,,,,,[],,0.0600435135,USD
momentum tech,2023-12-09,aws,367475994817,367475994817,Amazon Route 53,,,,,,,,,,[],,0.0008204,USD
momentum tech,2023-12-09,aws,367475994817,367475994817,Amazon Simple Storage Service,,,,,,,,,,[],,0.0013794148,USD
momentum tech,2023-12-10,aws,367475994817,367475994817,Amazon Route 53,,,,,,,,,,[],,0.0004816,USD
momentum tech,2023-12-10,aws,367475994817,367475994817,Amazon Simple Storage Service,,,,,,,,,,[],,0.0013794148,USD
momentum tech,2023-12-11,aws,367475994817,367475994817,AWS Key Management Service,,,,,,,,,,[],,0.017473118,USD
momentum tech,2023-12-11,aws,367475994817,367475994817,AWS Lambda,,,,,,,,,,[],,8.4e-06,USD
momentum tech,2023-12-11,aws,367475994817,367475994817,EC2 - Other,,,,,,,,,,[],,1.0479001796,USD
momentum tech,2023-12-11,aws,367475994817,367475994817,Amazon Elastic Compute Cloud - Compute,,,,,,,,,,[],,3.481908762,USD
momentum tech,2023-12-11,aws,367475994817,367475994817,Amazon Elastic Container Service for Kubernetes,,,,,,,,,,[],,0.578704027,USD
momentum tech,2023-12-11,aws,367475994817,367475994817,Amazon Elastic Load Balancing,,,,,,,,,,[],,0.5941451349,USD
momentum tech,2023-12-11,aws,367475994817,367475994817,Amazon Route 53,,,,,,,,,,[],,0.0011476,USD
momentum tech,2023-12-11,aws,367475994817,367475994817,Amazon Simple Storage Service,,,,,,,,,,[],,0.0013794148,USD
momentum tech,2023-12-11,aws,367475994817,367475994817,Amazon Virtual Private Cloud,,,,,,,,,,[],,0.0,USD
momentum tech,2023-12-11,aws,367475994817,367475994817,AmazonCloudWatch,,,,,,,,,,[],,0.0150513958,USD
momentum tech,2023-12-12,aws,367475994817,367475994817,Amazon Route 53,,,,,,,,,,[],,0.0006816,USD
momentum tech,2023-12-12,aws,367475994817,367475994817,Amazon Simple Storage Service,,,,,,,,,,[],,0.0109426261,USD
momentum tech,2023-12-13,aws,367475994817,367475994817,Amazon Route 53,,,,,,,,,,[],,0.0002936,USD
momentum tech,2023-12-13,aws,367475994817,367475994817,Amazon Simple Storage Service,,,,,,,,,,[],,0.0013794148,USD
momentum tech,2023-12-14,aws,367475994817,367475994817,Amazon Route 53,,,,,,,,,,[],,0.0001848,USD
momentum tech,2023-12-14,aws,367475994817,367475994817,Amazon Simple Storage Service,,,,,,,,,,[],,0.0013794148,USD
momentum tech,2023-12-15,aws,367475994817,367475994817,Amazon Route 53,,,,,,,,,,[],,0.000218,USD
momentum tech,2023-12-15,aws,367475994817,367475994817,Amazon Simple Storage Service,,,,,,,,,,[],,0.0013794148,USD
momentum tech,2023-12-16,aws,367475994817,367475994817,Amazon Route 53,,,,,,,,,,[],,0.0001372,USD
momentum tech,2023-12-16,aws,367475994817,367475994817,Amazon Simple Storage Service,,,,,,,,,,[],,0.0013794148,USD
momentum tech,2023-12-17,aws,367475994817,367475994817,Amazon Route 53,,,,,,,,,,[],,0.0001312,USD
momentum tech,2023-12-17,aws,367475994817,367475994817,Amazon Simple Storage Service,,,,,,,,,,[],,0.0013794148,USD
momentum tech,2023-12-18,aws,367475994817,367475994817,Amazon Route 53,,,,,,,,,,[],,0.0001608,USD
momentum tech,2023-12-18,aws,367475994817,367475994817,Amazon Simple Storage Service,,,,,,,,,,[],,0.2306804012,USD
momentum tech,2023-12-19,aws,367475994817,367475994817,Amazon Route 53,,,,,,,,,,[],,0.0001488,USD
momentum tech,2023-12-19,aws,367475994817,367475994817,Amazon Simple Storage Service,,,,,,,,,,[],,0.0237042479,USD
momentum tech,2023-12-20,aws,367475994817,367475994817,AWS Cost Explorer,,,,,,,,,,[],,0.21,USD
momentum tech,2023-12-20,aws,367475994817,367475994817,Amazon Route 53,,,,,,,,,,[],,0.0001512,USD
momentum tech,2023-12-20,aws,367475994817,367475994817,Amazon Simple Storage Service,,,,,,,,,,[],,0.0032299748,USD
momentum tech,2023-12-21,aws,367475994817,367475994817,Amazon Route 53,,,,,,,,,,[],,0.0001476,USD
momentum tech,2023-12-21,aws,367475994817,367475994817,Amazon Simple Storage Service,,,,,,,,,,[],,0.0032299748,USD
momentum tech,2023-12-22,aws,367475994817,367475994817,Amazon Route 53,,,,,,,,,,[],,0.0002184,USD
momentum tech,2023-12-22,aws,367475994817,367475994817,Amazon Simple Storage Service,,,,,,,,,,[],,0.0032299748,USD
momentum tech,2023-12-23,aws,367475994817,367475994817,Amazon Route 53,,,,,,,,,,[],,0.0001444,USD
momentum tech,2023-12-23,aws,367475994817,367475994817,Amazon Simple Storage Service,,,,,,,,,,[],,0.0032299748,USD
momentum tech,2023-12-24,aws,367475994817,367475994817,Amazon Route 53,,,,,,,,,,[],,0.0001788,USD
momentum tech,2023-12-24,aws,367475994817,367475994817,Amazon Simple Storage Service,,,,,,,,,,[],,0.0032299748,USD
momentum tech,2023-12-25,aws,367475994817,367475994817,Amazon Route 53,,,,,,,,,,[],,0.0001024,USD
momentum tech,2023-12-25,aws,367475994817,367475994817,Amazon Simple Storage Service,,,,,,,,,,[],,0.0032299748,USD
momentum tech,2023-12-26,aws,367475994817,367475994817,Amazon Route 53,,,,,,,,,,[],,7.16e-05,USD
momentum tech,2023-12-26,aws,367475994817,367475994817,Amazon Simple Storage Service,,,,,,,,,,[],,0.0032299748,USD
momentum tech,2023-12-27,aws,367475994817,367475994817,Amazon Route 53,,,,,,,,,,[],,8.36e-05,USD
momentum tech,2023-12-27,aws,367475994817,367475994817,Amazon Simple Storage Service,,,,,,,,,,[],,0.0032299748,USD
momentum tech,2023-12-28,aws,367475994817,367475994817,Amazon Route 53,,,,,,,,,,[],,9.64e-05,USD
momentum tech,2023-12-28,aws,367475994817,367475994817,Amazon Simple Storage Service,,,,,,,,,,[],,0.0032299748,USD
momentum tech,2023-12-29,aws,367475994817,367475994817,Amazon Route 53,,,,,,,,,,[],,7.56e-05,USD
momentum tech,2023-12-29,aws,367475994817,367475994817,Amazon Simple Storage Service,,,,,,,,,,[],,0.0032299748,USD
momentum tech,2023-12-30,aws,367475994817,367475994817,Amazon Route 53,,,,,,,,,,[],,7.92e-05,USD
momentum tech,2023-12-30,aws,367475994817,367475994817,Amazon Simple Storage Service,,,,,,,,,,[],,0.0032299748,USD
momentum tech,2023-12-31,aws,367475994817,367475994817,Amazon Route 53,,,,,,,,,,[],,0.0001556,USD
momentum tech,2023-12-31,aws,367475994817,367475994817,Amazon Simple Storage Service,,,,,,,,,,[],,0.0032299748,USD
momentum tech,2024-01-01,aws,367475994817,367475994817,Amazon Route 53,,,,,,,,,,[],,0.1000988,USD
momentum tech,2024-01-01,aws,367475994817,367475994817,Amazon Simple Storage Service,,,,,,,,,,[],,0.0032299748,USD
momentum tech,2024-01-01,aws,367475994817,367475994817,Tax,,,,,,,,,,[],,1.5,USD
momentum tech,2024-01-02,aws,367475994817,367475994817,Amazon Route 53,,,,,,,,,,[],,0.0001064,USD
momentum tech,2024-01-02,aws,367475994817,367475994817,Amazon Simple Storage Service,,,,,,,,,,[],,0.0032299748,USD
momentum tech,2024-01-03,aws,367475994817,367475994817,Amazon Route 53,,,,,,,,,,[],,9.6e-05,USD
momentum tech,2024-01-03,aws,367475994817,367475994817,Amazon Simple Storage Service,,,,,,,,,,[],,0.0032299748,USD
momentum tech,2024-01-04,aws,367475994817,367475994817,Amazon Route 53,,,,,,,,,,[],,0.0001084,USD
momentum tech,2024-01-04,aws,367475994817,367475994817,Amazon Simple Storage Service,,,,,,,,,,[],,0.0032299748,USD
momentum tech,2024-01-05,aws,367475994817,367475994817,Amazon Route 53,,,,,,,,,,[],,8.76e-05,USD
momentum tech,2024-01-05,aws,367475994817,367475994817,Amazon Simple Storage Service,,,,,,,,,,[],,0.0032299748,USD
momentum tech,2024-01-06,aws,367475994817,367475994817,Amazon Route 53,,,,,,,,,,[],,7.92e-05,USD
momentum tech,2024-01-06,aws,367475994817,367475994817,Amazon Simple Storage Service,,,,,,,,,,[],,0.0032299748,USD
momentum tech,2024-01-07,aws,367475994817,367475994817,Amazon Route 53,,,,,,,,,,[],,9.4e-05,USD
momentum tech,2024-01-07,aws,367475994817,367475994817,Amazon Simple Storage Service,,,,,,,,,,[],,0.0032299748,USD
momentum tech,2024-01-08,aws,367475994817,367475994817,Amazon Route 53,,,,,,,,,,[],,4.72e-05,USD
momentum tech,2024-01-08,aws,367475994817,367475994817,Amazon Simple Storage Service,,,,,,,,,,[],,0.0032299748,USD
momentum tech,2024-01-09,aws,367475994817,367475994817,AWS Cost Explorer,,,,,,,,,,[],,0.2,USD
momentum tech,2024-01-09,aws,367475994817,367475994817,Amazon Route 53,,,,,,,,,,[],,4.96e-05,USD
momentum tech,2024-01-09,aws,367475994817,367475994817,Amazon Simple Storage Service,,,,,,,,,,[],,0.0032299748,USD
momentum tech,2024-01-10,aws,367475994817,367475994817,Amazon Route 53,,,,,,,,,,[],,9.52e-05,USD
momentum tech,2024-01-10,aws,367475994817,367475994817,Amazon Simple Storage Service,,,,,,,,,,[],,0.0032299748,USD
momentum tech,2024-01-11,aws,367475994817,367475994817,Amazon Route 53,,,,,,,,,,[],,0.000136,USD
momentum tech,2024-01-11,aws,367475994817,367475994817,Amazon Simple Storage Service,,,,,,,,,,[],,0.0032299748,USD
momentum tech,2024-01-12,aws,367475994817,367475994817,AWS Cost Explorer,,,,,,,,,,[],,0.19,USD
momentum tech,2024-01-12,aws,367475994817,367475994817,Amazon Route 53,,,,,,,,,,[],,6.64e-05,USD
momentum tech,2024-01-12,aws,367475994817,367475994817,Amazon Simple Storage Service,,,,,,,,,,[],,0.0032299748,USD
momentum tech,2024-01-13,aws,367475994817,367475994817,Amazon Route 53,,,,,,,,,,[],,6.6e-05,USD
momentum tech,2024-01-13,aws,367475994817,367475994817,Amazon Simple Storage Service,,,,,,,,,,[],,0.0032299748,USD
momentum tech,2024-01-14,aws,367475994817,367475994817,Amazon Route 53,,,,,,,,,,[],,7.24e-05,USD
momentum tech,2024-01-14,aws,367475994817,367475994817,Amazon Simple Storage Service,,,,,,,,,,[],,0.0032299748,USD
momentum tech,2024-01-15,aws,367475994817,367475994817,AWS Cost Explorer,,,,,,,,,,[],,0.01,USD
momentum tech,2024-01-15,aws,367475994817,367475994817,Amazon Route 53,,,,,,,,,,[],,6.28e-05,USD
momentum tech,2024-01-15,aws,367475994817,367475994817,Amazon Simple Storage Service,,,,,,,,,,[],,0.0032299748,USD
momentum tech,2024-01-16,aws,367475994817,367475994817,AWS Cost Explorer,,,,,,,,,,[],,0.01,USD
momentum tech,2024-01-16,aws,367475994817,367475994817,Amazon Route 53,,,,,,,,,,[],,4.6e-05,USD
momentum tech,2024-01-16,aws,367475994817,367475994817,Amazon Simple Storage Service,,,,,,,,,,[],,0.0032299748,USD
momentum tech,2024-01-17,aws,367475994817,367475994817,Amazon Route 53,,,,,,,,,,[],,5.44e-05,USD
momentum tech,2024-01-17,aws,367475994817,367475994817,Amazon Simple Storage Service,,,,,,,,,,[],,0.044021061,USD
momentum tech,2024-01-18,aws,367475994817,367475994817,Amazon Route 53,,,,,,,,,,[],,6.8e-05,USD
momentum tech,2024-01-18,aws,367475994817,367475994817,Amazon Simple Notification Service,,,,,,,,,,[],,0.0,USD
momentum tech,2024-01-18,aws,367475994817,367475994817,Amazon Simple Storage Service,,,,,,,,,,[],,0.0032299748,USD
momentum tech,2024-01-19,aws,367475994817,367475994817,Amazon Route 53,,,,,,,,,,[],,8.2e-05,USD
momentum tech,2024-01-19,aws,367475994817,367475994817,Amazon Simple Email Service,,,,,,,,,,[],,4.4232e-06,USD
momentum tech,2024-01-19,aws,367475994817,367475994817,Amazon Simple Notification Service,,,,,,,,,,[],,0.0,USD
momentum tech,2024-01-19,aws,367475994817,367475994817,Amazon Simple Storage Service,,,,,,,,,,[],,0.044002361,USD
momentum tech,2024-01-20,aws,367475994817,367475994817,Amazon Route 53,,,,,,,,,,[],,5.24e-05,USD
momentum tech,2024-01-20,aws,367475994817,367475994817,Amazon Simple Storage Service,,,,,,,,,,[],,0.0032299748,USD
momentum tech,2024-01-21,aws,367475994817,367475994817,Amazon Route 53,,,,,,,,,,[],,7.2e-05,USD
momentum tech,2024-01-21,aws,367475994817,367475994817,Amazon Simple Storage Service,,,,,,,,,,[],,0.0032299748,USD
momentum tech,2024-01-22,aws,367475994817,367475994817,Amazon Route 53,,,,,,,,,,[],,5.8e-05,USD
momentum tech,2024-01-22,aws,367475994817,367475994817,Amazon Simple Email Service,,,,,,,,,,[],,1.7769e-06,USD
momentum tech,2024-01-22,aws,367475994817,367475994817,Amazon Simple Storage Service,,,,,,,,,,[],,0.0427425905,USD
momentum tech,2024-01-23,aws,367475994817,367475994817,Amazon Route 53,,,,,,,,,,[],,4.2e-05,USD
momentum tech,2024-01-23,aws,367475994817,367475994817,Amazon Simple Email Service,,,,,,,,,,[],,3.885e-07,USD
momentum tech,2024-01-23,aws,367475994817,367475994817,Amazon Simple Storage Service,,,,,,,,,,[],,0.1039011698,USD
momentum tech,2024-01-24,aws,367475994817,367475994817,Amazon Route 53,,,,,,,,,,[],,0.0002124,USD
momentum tech,2024-01-24,aws,367475994817,367475994817,Amazon Simple Email Service,,,,,,,,,,[],,8.689e-07,USD
momentum tech,2024-01-24,aws,367475994817,367475994817,Amazon Simple Storage Service,,,,,,,,,,[],,0.0236161679,USD
momentum tech,2024-01-25,aws,367475994817,367475994817,Amazon Route 53,,,,,,,,,,[],,6.04e-05,USD
momentum tech,2024-01-25,aws,367475994817,367475994817,Amazon Simple Storage Service,,,,,,,,,,[],,0.0643885541,USD
momentum tech,2024-01-26,aws,367475994817,367475994817,AWS CloudTrail,,,,,,,,,,[],,0.0,USD
momentum tech,2024-01-26,aws,367475994817,367475994817,Amazon Route 53,,,,,,,,,,[],,5.6e-05,USD
momentum tech,2024-01-26,aws,367475994817,367475994817,Amazon Simple Storage Service,,,,,,,,,,[],,0.0236161679,USD
momentum tech,2024-01-27,aws,367475994817,367475994817,Amazon Route 53,,,,,,,,,,[],,9.08e-05,USD
momentum tech,2024-01-27,aws,367475994817,367475994817,Amazon Simple Storage Service,,,,,,,,,,[],,0.0032299748,USD
momentum tech,2024-01-28,aws,367475994817,367475994817,Amazon Route 53,,,,,,,,,,[],,6.52e-05,USD
momentum tech,2024-01-28,aws,367475994817,367475994817,Amazon Simple Storage Service,,,,,,,,,,[],,0.0032299748,USD
momentum tech,2024-01-29,aws,367475994817,367475994817,Amazon Route 53,,,,,,,,,,[],,5.4e-05,USD
momentum tech,2024-01-29,aws,367475994817,367475994817,Amazon Simple Storage Service,,,,,,,,,,[],,0.0032299748,USD
momentum tech,2024-01-30,aws,367475994817,367475994817,AWS CloudTrail,,,,,,,,,,[],,0.0,USD
momentum tech,2024-01-30,aws,367475994817,367475994817,AWS Cost Explorer,,,,,,,,,,[],,0.02,USD
momentum tech,2024-01-30,aws,367475994817,367475994817,Amazon Route 53,,,,,,,,,,[],,7.44e-05,USD
momentum tech,2024-01-30,aws,367475994817,367475994817,Amazon Simple Storage Service,,,,,,,,,,[],,0.044002361,USD
momentum tech,2024-01-31,aws,367475994817,367475994817,AWS CloudTrail,,,,,,,,,,[],,0.0,USD
momentum tech,2024-01-31,aws,367475994817,367475994817,AWS Cost Explorer,,,,,,,,,,[],,0.01,USD
momentum tech,2024-01-31,aws,367475994817,367475994817,AWS Key Management Service,,,,,,,,,,[],,0.021823376,USD
momentum tech,2024-01-31,aws,367475994817,367475994817,AWS Lambda,,,,,,,,,,[],,1.18e-05,USD
momentum tech,2024-01-31,aws,367475994817,367475994817,AWS Systems Manager,,,,,,,,,,[],,3.9e-05,USD
momentum tech,2024-01-31,aws,367475994817,367475994817,AWS X-Ray,,,,,,,,,,[],,0.0,USD
momentum tech,2024-01-31,aws,367475994817,367475994817,EC2 - Other,,,,,,,,,,[],,1.1796082622,USD
momentum tech,2024-01-31,aws,367475994817,367475994817,Amazon Elastic Compute Cloud - Compute,,,,,,,,,,[],,5.7780287136,USD
momentum tech,2024-01-31,aws,367475994817,367475994817,Amazon Elastic Container Service for Kubernetes,,,,,,,,,,[],,0.848779583,USD
momentum tech,2024-01-31,aws,367475994817,367475994817,Amazon Elastic Load Balancing,,,,,,,,,,[],,0.6684632161,USD
momentum tech,2024-01-31,aws,367475994817,367475994817,Amazon Route 53,,,,,,,,,,[],,0.0004128,USD
momentum tech,2024-01-31,aws,367475994817,367475994817,Amazon Simple Storage Service,,,,,,,,,,[],,0.0032299748,USD
momentum tech,2024-01-31,aws,367475994817,367475994817,Amazon Virtual Private Cloud,,,,,,,,,,[],,0.0,USD
momentum tech,2024-01-31,aws,367475994817,367475994817,AmazonCloudWatch,,,,,,,,,,[],,0.5200201474,USD
momentum tech,2024-02-01,aws,367475994817,367475994817,AWS CloudTrail,,,,,,,,,,[],,0.0,USD
momentum tech,2024-02-01,aws,367475994817,367475994817,AWS Glue,,,,,,,,,,[],,0.0,USD
momentum tech,2024-02-01,aws,367475994817,367475994817,AWS Key Management Service,,,,,,,,,,[],,0.043103448,USD
momentum tech,2024-02-01,aws,367475994817,367475994817,AWS Lambda,,,,,,,,,,[],,0.0,USD
momentum tech,2024-02-01,aws,367475994817,367475994817,AWS Secrets Manager,,,,,,,,,,[],,5e-06,USD
momentum tech,2024-02-01,aws,367475994817,367475994817,Amazon AppFlow,,,,,,,,,,[],,0.0020002005,USD
momentum tech,2024-02-01,aws,367475994817,367475994817,EC2 - Other,,,,,,,,,,[],,1.8999881485,USD
momentum tech,2024-02-01,aws,367475994817,367475994817,Amazon Elastic Compute Cloud - Compute,,,,,,,,,,[],,8.809785508,USD
momentum tech,2024-02-01,aws,367475994817,367475994817,Amazon Elastic Container Service for Kubernetes,,,,,,,,,,[],,1.432934444,USD
momentum tech,2024-02-01,aws,367475994817,367475994817,Amazon Elastic Load Balancing,,,,,,,,,,[],,1.0395989411,USD
momentum tech,2024-02-01,aws,367475994817,367475994817,Amazon Route 53,,,,,,,,,,[],,0.2003568,USD
momentum tech,2024-02-01,aws,367475994817,367475994817,Amazon Simple Storage Service,,,,,,,,,,[],,0.0036458572,USD
momentum tech,2024-02-01,aws,367475994817,367475994817,Amazon Virtual Private Cloud,,,,,,,,,,[],,0.428670835,USD
momentum tech,2024-02-01,aws,367475994817,367475994817,AmazonCloudWatch,,,,,,,,,,[],,0.83079864,USD
momentum tech,2024-02-01,aws,367475994817,367475994817,Tax,,,,,,,,,,[],,2.18,USD
momentum tech,2024-02-02,aws,367475994817,367475994817,AWS CloudTrail,,,,,,,,,,[],,0.0,USD
momentum tech,2024-02-02,aws,367475994817,367475994817,AWS Cost Explorer,,,,,,,,,,[],,0.01,USD
momentum tech,2024-02-02,aws,367475994817,367475994817,Amazon Route 53,,,,,,,,,,[],,0.0001492,USD
momentum tech,2024-02-02,aws,367475994817,367475994817,Amazon Simple Email Service,,,,,,,,,,[],,4.813e-07,USD
momentum tech,2024-02-02,aws,367475994817,367475994817,Amazon Simple Storage Service,,,,,,,,,,[],,0.0034536524,USD
momentum tech,2024-02-02,aws,367475994817,367475994817,AmazonCloudWatch,,,,,,,,,,[],,0.0,USD
momentum tech,2024-02-03,aws,367475994817,367475994817,Amazon Route 53,,,,,,,,,,[],,0.0001256,USD
momentum tech,2024-02-03,aws,367475994817,367475994817,Amazon Simple Storage Service,,,,,,,,,,[],,0.0034536524,USD
momentum tech,2024-02-03,aws,367475994817,367475994817,AmazonCloudWatch,,,,,,,,,,[],,0.0001243175,USD
momentum tech,2024-02-04,aws,367475994817,367475994817,Amazon Route 53,,,,,,,,,,[],,0.0001268,USD
momentum tech,2024-02-04,aws,367475994817,367475994817,Amazon Simple Storage Service,,,,,,,,,,[],,0.0034527316,USD
momentum tech,2024-02-04,aws,367475994817,367475994817,AmazonCloudWatch,,,,,,,,,,[],,0.0001243175,USD
momentum tech,2024-02-05,aws,367475994817,367475994817,Amazon Route 53,,,,,,,,,,[],,7.28e-05,USD
momentum tech,2024-02-05,aws,367475994817,367475994817,Amazon Simple Storage Service,,,,,,,,,,[],,0.003453192,USD
momentum tech,2024-02-05,aws,367475994817,367475994817,AmazonCloudWatch,,,,,,,,,,[],,0.0001243175,USD